"theme_id","theme_name"
8000,"Education and Training"
8001,"Health and Care (PHS)"
8002,"Business, Enterprise and Energy"
8003,"Social and Welfare"
8004,"Health and Care"
8005,"Population and Migration"
8006,"Health and Care (NES)"
8007,"Commerce, Energy and Industry"
8008,"Crime and Justice"
8009,"Health and Care (NSS)"
8010,"Economy"
8011,"Labour Market"
8012,"Labour Market (Public Sector)"
8013,"Equality"
8014,"Natural and Built Environment (Housing)"
8015,"Local Government Finance"
8016,"Health and Care (SAS)"
8017,"Natural and Built Environment (Natural Environment)"
8018,"Agriculture, Fisheries and Forestry"
8019,"Natural and Built Environment"
8020,"Transport and Travel"
8021,"Health and Care (Vulnerable Children)"
8022,"Skills and Training (SDS)"
8023,"Natural and Built Environment (Planning)"
